date,code,name,seal_score,tech_score,sector_mom,sector_res,next_day_change,next_day_up,next_day_limit
20260604,600403,大有能源,17.73,5.0,10.0,8.0,10.0,True,True
20260604,600688,上海石化,17.09,3.0,8.0,6.0,3.25,True,False
20260604,603500,祥和实业,17.9,5.0,8.0,6.0,9.98,True,True
20260604,600439,瑞贝卡,15.22,5.0,8.0,6.0,-8.33,False,False
20260604,600255,鑫科材料,12.54,2.5,8.0,6.0,-7.04,False,False
20260604,605398,新炬网络,16.28,5.0,8.0,6.0,-3.7,False,False
20260604,600367,XD红星发,12.23,6.0,10.0,8.0,5.36,True,False
20260604,001896,豫能控股,17.65,5.0,10.0,8.0,-10.0,False,False
20260604,002585,双星新材,18.21,6.0,10.0,8.0,0.17,True,False
20260604,001376,百通能源,17.61,6.0,10.0,8.0,-4.66,False,False
20260604,000536,华映科技,16.51,3.0,10.0,8.0,0.0,False,False
20260604,603135,中重科技,16.31,3.0,10.0,8.0,10.04,True,True
20260604,600828,茂业商业,17.17,2.0,8.0,6.0,3.64,True,False
20260604,605162,新中港,15.48,4.0,10.0,8.0,-3.23,False,False
20260604,002806,华锋股份,17.5,6.0,10.0,8.0,-4.35,False,False
20260604,002590,万安科技,18.3,5.0,10.0,8.0,-3.22,False,False
20260604,600353,旭光电子,15.5,5.0,10.0,8.0,-0.53,False,False
20260604,600868,梅雁吉祥,14.4,3.0,10.0,8.0,-6.35,False,False
20260604,603330,天洋新材,14.37,5.5,10.0,8.0,-8.5,False,False
20260604,002213,大为股份,17.96,6.0,10.0,8.0,-2.15,False,False
20260604,000718,苏宁环球,17.68,4.0,10.0,8.0,3.14,True,False
20260604,603516,淳中科技,17.08,3.0,8.0,6.0,6.83,True,False
20260604,600667,太极实业,18.59,6.0,8.0,6.0,-1.28,False,False
20260604,600482,中国动力,15.75,2.5,10.0,8.0,-5.58,False,False
20260604,603920,世运电路,16.99,3.0,10.0,8.0,-2.3,False,False
20260604,603610,麒盛科技,16.39,4.0,10.0,8.0,-2.59,False,False
20260604,003011,海象新材,14.04,4.5,10.0,8.0,-4.58,False,False
20260604,600703,三安光电,19.95,5.0,10.0,8.0,-0.88,False,False
20260604,000670,盈方微,17.67,5.0,10.0,8.0,-2.59,False,False
20260604,003036,泰坦股份,17.04,3.0,10.0,8.0,10.01,True,True
20260604,600246,万通发展,17.1,5.0,10.0,8.0,-7.84,False,False
20260604,600226,亨通股份,12.25,4.5,10.0,8.0,3.43,True,False
20260604,000520,凤凰航运,13.06,4.5,8.0,6.0,10.05,True,True
20260604,002971,和远气体,15.08,6.0,8.0,6.0,5.11,True,False
20260604,002931,锋龙股份,14.43,3.0,10.0,8.0,3.08,True,False
20260604,600293,三峡新材,13.24,5.0,8.0,6.0,10.0,True,True
20260604,002484,江海股份,15.11,2.5,10.0,8.0,-6.59,False,False
20260604,002951,金时科技,14.48,8.0,10.0,8.0,-10.0,False,False
20260604,002051,中工国际,14.25,4.5,8.0,6.0,-2.08,False,False
20260604,603090,宏盛股份,14.51,6.0,10.0,8.0,1.83,True,False
20260604,002072,凯瑞德,10.18,5.0,8.0,6.0,1.11,True,False
20260604,002824,和胜股份,11.73,5.0,8.0,6.0,3.46,True,False
20260604,002353,杰瑞股份,6.12,2.5,10.0,8.0,-3.79,False,False
20260604,600237,铜峰电子,6.09,2.5,10.0,8.0,-1.23,False,False
20260604,600408,安泰集团,11.34,3.0,8.0,6.0,3.46,True,False
20260604,002520,日发精机,11.53,6.0,10.0,8.0,1.44,True,False
20260604,605358,立昂微,6.29,4.5,10.0,8.0,4.49,True,False
20260604,002733,雄韬股份,12.11,6.0,8.0,6.0,3.95,True,False
20260604,603950,长源东谷,11.61,3.0,10.0,8.0,-7.75,False,False
20260604,000725,京东方Ａ,19.0,5.0,10.0,8.0,4.55,True,False
20260604,601666,平煤股份,10.31,2.5,10.0,8.0,4.88,True,False
20260604,603286,日盈电子,11.09,4.5,10.0,8.0,2.21,True,False
20260604,002395,双象股份,11.63,6.0,10.0,8.0,1.82,True,False
20260604,002645,华宏科技,10.37,4.5,8.0,6.0,3.9,True,False
20260604,003043,华亚智能,6.37,5.0,10.0,8.0,2.03,True,False
20260604,603903,中持股份,7.37,6.0,8.0,6.0,0.32,True,False
20260604,605060,联德股份,7.55,3.0,10.0,8.0,-5.03,False,False
20260604,603005,晶方科技,2.3,2.5,10.0,8.0,2.74,True,False
20260604,001309,德明利,3.38,4.5,10.0,8.0,-7.4,False,False
20260604,603067,振华股份,2.15,4.5,10.0,8.0,-5.64,False,False
20260604,603989,艾华集团,7.3,4.5,10.0,8.0,3.65,True,False
20260604,603210,泰鸿万立,6.08,3.0,10.0,8.0,0.87,True,False
20260604,000733,振华科技,3.23,4.5,8.0,6.0,-5.46,False,False
20260604,002787,华源控股,2.02,5.0,8.0,6.0,-8.55,False,False
20260604,002491,通鼎互联,6.85,2.5,8.0,6.0,-7.49,False,False
20260604,002570,贝因美,2.26,4.5,8.0,6.0,-2.1,False,False
20260604,002981,朝阳科技,6.37,6.0,8.0,6.0,-3.32,False,False
20260604,603435,嘉德利,5.31,1.5,8.0,6.0,-2.05,False,False
20260604,600696,退市岩石,5.0,3.0,8.0,6.0,-1.45,False,False
20260603,600255,鑫科材料,20.61,5.5,8.0,6.0,10.02,True,True
20260603,600688,上海石化,18.79,3.5,8.0,6.0,10.1,True,True
20260603,603330,天洋新材,17.84,5.0,10.0,8.0,10.06,True,True
20260603,002137,实益达,18.55,6.0,8.0,6.0,1.35,True,False
20260603,001259,利仁科技,16.4,7.0,10.0,8.0,-2.78,False,False
20260603,601798,蓝科高新,17.2,3.0,10.0,8.0,1.76,True,False
20260603,600367,红星发展,18.78,6.0,10.0,8.0,10.0,True,True
20260603,600487,亨通光电,24.0,2.0,10.0,8.0,7.04,True,False
20260603,001326,联域股份,15.33,6.0,8.0,6.0,-0.53,False,False
20260603,600310,广西能源,16.84,5.0,10.0,8.0,-0.94,False,False
20260603,603120,肯特催化,17.81,4.0,10.0,8.0,6.93,True,False
20260603,601231,环旭电子,16.18,2.0,8.0,6.0,4.91,True,False
20260603,002787,华源控股,15.53,3.0,10.0,8.0,10.02,True,True
20260603,002156,通富微电,18.34,4.5,8.0,6.0,1.25,True,False
20260603,603236,移远通信,14.55,4.5,10.0,8.0,-2.55,False,False
20260603,600198,大唐电信,18.01,3.0,10.0,8.0,4.4,True,False
20260603,001223,欧克科技,18.13,5.0,8.0,6.0,1.73,True,False
20260603,603938,三孚股份,15.14,4.5,10.0,8.0,1.35,True,False
20260603,603663,三祥新材,12.12,2.5,10.0,8.0,-1.57,False,False
20260603,600103,青山纸业,16.85,5.0,8.0,6.0,-2.7,False,False
20260603,603135,中重科技,17.29,3.0,10.0,8.0,10.01,True,True
20260603,002965,祥鑫科技,18.3,5.0,10.0,8.0,3.3,True,False
20260603,600403,大有能源,17.52,4.0,10.0,8.0,9.96,True,True
20260603,002046,国机精工,15.05,4.5,10.0,8.0,-1.4,False,False
20260603,605162,新中港,17.89,6.0,10.0,8.0,10.04,True,True
20260603,002875,安奈儿,17.76,5.0,8.0,6.0,-10.0,False,False
20260603,001896,豫能控股,18.68,5.0,10.0,8.0,10.01,True,True
20260603,600936,北投科技,13.31,4.5,8.0,6.0,-5.22,False,False
20260603,603656,泰禾智能,17.74,5.0,10.0,8.0,-2.63,False,False
20260603,601208,东材科技,12.14,4.5,10.0,8.0,5.51,True,False
20260603,605555,德昌股份,17.34,2.0,10.0,8.0,1.91,True,False
20260603,002125,湘潭电化,14.5,5.0,8.0,6.0,-2.7,False,False
20260603,002132,恒星科技,14.63,4.0,10.0,8.0,5.06,True,False
20260603,603319,美湖股份,9.1,2.5,10.0,8.0,3.15,True,False
20260603,605580,恒盛能源,13.55,5.0,10.0,8.0,0.81,True,False
20260603,600439,瑞贝卡,14.54,6.0,8.0,6.0,9.92,True,True
20260603,600679,上海凤凰,14.55,4.0,8.0,6.0,0.93,True,False
20260603,002023,海特高新,14.63,4.0,8.0,6.0,-5.01,False,False
20260603,000700,模塑科技,9.14,5.0,10.0,8.0,7.36,True,False
20260603,000518,四环生物,9.31,2.5,8.0,6.0,-7.38,False,False
20260603,002167,东方锆业,11.81,5.0,8.0,6.0,-4.68,False,False
20260603,600683,京投发展,9.36,3.0,10.0,8.0,-3.65,False,False
20260603,600078,澄星股份,11.46,3.0,10.0,8.0,6.96,True,False
20260603,001278,一彬科技,9.26,6.0,10.0,8.0,-9.98,False,False
20260603,605018,长华集团,7.18,3.0,10.0,8.0,5.69,True,False
20260603,000881,中广核技,8.75,6.0,10.0,8.0,-2.97,False,False
20260603,603065,宿迁联盛,6.11,3.0,10.0,8.0,3.46,True,False
20260603,002735,王子新材,6.45,3.0,10.0,8.0,5.81,True,False
20260603,001212,中旗新材,2.02,4.5,8.0,6.0,-2.66,False,False
20260603,600791,京能置业,7.64,4.0,10.0,8.0,-2.83,False,False
20260603,600578,京能电力,8.86,5.0,10.0,8.0,0.21,True,False
20260603,603311,金海高科,2.57,5.0,8.0,6.0,2.72,True,False
20260603,605303,园林股份,7.19,5.0,8.0,6.0,-1.96,False,False
20260603,600596,新安股份,2.07,5.5,10.0,8.0,-0.56,False,False
20260603,600516,方大炭素,2.0,2.5,8.0,6.0,-3.28,False,False
20260603,600505,西昌电力,7.69,5.0,10.0,8.0,-0.98,False,False
20260603,600121,郑州煤电,4.43,5.0,10.0,8.0,0.18,True,False
20260603,600396,华电辽能,5.99,2.5,10.0,8.0,2.95,True,False
20260603,603109,神驰机电,4.07,2.0,10.0,8.0,2.97,True,False
20260603,603886,元祖股份,5.17,5.0,8.0,6.0,1.17,True,False
20260602,603890,春秋电子,24.01,5.0,8.0,6.0,4.36,True,False
20260602,600403,大有能源,19.09,4.0,10.0,8.0,9.97,True,True
20260602,001210,金房能源,16.34,5.0,10.0,8.0,-2.6,False,False
20260602,002896,中大力德,17.37,5.0,10.0,8.0,-3.43,False,False
20260602,600696,退市岩石,17.01,3.5,8.0,6.0,3.28,True,False
20260602,600121,郑州煤电,15.97,5.5,10.0,8.0,10.06,True,True
20260602,600162,香江控股,18.11,8.0,10.0,8.0,4.36,True,False
20260602,002404,嘉欣丝绸,17.69,5.0,8.0,6.0,2.03,True,False
20260602,002897,意华股份,20.23,4.0,10.0,8.0,3.4,True,False
20260602,000055,方大集团,18.09,5.0,8.0,6.0,-6.21,False,False
20260602,002851,麦格米特,21.48,5.0,10.0,8.0,6.78,True,False
20260602,000700,模塑科技,13.28,4.5,10.0,8.0,10.02,True,True
20260602,002975,博杰股份,18.66,6.0,10.0,8.0,-0.39,False,False
20260602,002957,科瑞技术,16.7,5.5,10.0,8.0,-0.87,False,False
20260602,601686,友发集团,17.32,2.0,8.0,6.0,-6.24,False,False
20260602,002579,中京电子,16.03,4.0,10.0,8.0,-6.31,False,False
20260602,600367,红星发展,18.65,6.0,8.0,6.0,9.99,True,True
20260602,600360,华微电子,18.11,6.0,8.0,6.0,0.47,True,False
20260602,002962,五方光电,16.7,5.0,10.0,8.0,-2.92,False,False
20260602,603373,安邦护卫,18.34,7.0,8.0,6.0,4.69,True,False
20260602,600280,中央商场,17.49,5.5,8.0,6.0,3.1,True,False
20260602,002421,达实智能,12.14,3.5,10.0,8.0,-1.81,False,False
20260602,600869,远东股份,14.14,5.5,10.0,8.0,6.41,True,False
20260602,603678,火炬电子,14.01,6.0,10.0,8.0,9.08,True,False
20260602,000601,韶能股份,15.24,3.0,10.0,8.0,3.45,True,False
20260602,002314,南山控股,14.62,6.0,10.0,8.0,-4.58,False,False
20260602,002876,三利谱,14.41,5.0,10.0,8.0,2.2,True,False
20260602,002575,群兴玩具,11.52,5.0,8.0,6.0,-4.82,False,False
20260602,603045,福达合金,14.85,5.0,10.0,8.0,-3.81,False,False
20260602,600487,亨通光电,21.0,4.5,10.0,8.0,10.0,True,True
20260602,002137,实益达,12.33,6.0,10.0,8.0,10.05,True,True
20260602,601137,XD博威合,11.4,3.0,10.0,8.0,5.3,True,False
20260602,605288,凯迪股份,11.88,4.0,10.0,8.0,3.2,True,False
20260602,603997,继峰股份,11.27,2.5,10.0,8.0,1.26,True,False
20260602,000586,汇源通信,11.45,5.0,10.0,8.0,-1.14,False,False
20260602,600301,华锡有色,11.63,5.5,10.0,8.0,-1.25,False,False
20260602,002980,华盛昌,11.99,5.0,10.0,8.0,9.16,True,False
20260602,601869,长飞光纤,8.82,2.5,10.0,8.0,8.87,True,False
20260602,600459,贵研铂业,12.3,6.0,10.0,8.0,3.2,True,False
20260602,000062,深圳华强,6.57,4.5,8.0,6.0,-2.03,False,False
20260602,600936,北投科技,10.74,5.0,10.0,8.0,9.97,True,True
20260602,605589,圣泉集团,6.85,4.5,10.0,8.0,0.98,True,False
20260602,603687,大胜达,5.26,4.5,8.0,6.0,5.65,True,False
20260602,000960,锡业股份,10.26,5.0,10.0,8.0,1.3,True,False
20260602,002515,金字火腿,2.21,4.5,8.0,6.0,1.61,True,False
20260602,600105,永鼎股份,5.29,4.5,10.0,8.0,4.64,True,False
20260602,002384,东山精密,4.74,4.5,10.0,8.0,6.19,True,False
20260602,002903,宇环数控,8.32,6.0,10.0,8.0,1.87,True,False
20260602,600362,江西铜业,9.95,3.0,8.0,6.0,1.14,True,False
20260602,600500,中化国际,5.36,2.5,8.0,6.0,-4.78,False,False
20260602,603267,鸿远电子,2.67,5.5,10.0,8.0,-2.38,False,False
20260602,600255,鑫科材料,7.66,5.0,10.0,8.0,10.03,True,True
20260602,600345,长江通信,8.62,5.0,10.0,8.0,3.71,True,False
20260602,600114,东睦股份,7.02,5.0,10.0,8.0,1.11,True,False
20260602,603330,天洋新材,4.39,5.0,10.0,8.0,10.04,True,True
20260602,600667,太极实业,0.28,2.5,8.0,6.0,-0.47,False,False
20260602,002951,金时科技,4.27,5.5,10.0,8.0,5.62,True,False
20260602,603311,金海高科,0.29,4.5,8.0,6.0,10.0,True,True
20260602,002806,华锋股份,4.05,3.5,10.0,8.0,-7.53,False,False
20260601,000539,粤电力Ａ,12.33,5.0,10.0,8.0,-6.55,False,False
20260601,002426,胜利精密,19.46,4.0,10.0,8.0,1.37,True,False
20260601,603890,春秋电子,25.0,4.0,10.0,8.0,10.0,True,True
20260601,002608,江苏国信,17.75,3.5,10.0,8.0,2.96,True,False
20260601,002328,新朋股份,13.24,3.0,10.0,8.0,-6.96,False,False
20260601,002356,赫美集团,16.91,4.0,10.0,8.0,0.3,True,False
20260601,600367,红星发展,16.74,5.0,10.0,8.0,10.0,True,True
20260601,000767,晋控电力,13.55,5.0,10.0,8.0,-0.49,False,False
20260601,603011,合锻智能,19.57,5.5,10.0,8.0,5.76,True,False
20260601,001314,亿道信息,18.31,4.0,10.0,8.0,-6.74,False,False
20260601,002795,永和智控,16.59,5.0,10.0,8.0,-5.0,False,False
20260601,000727,冠捷科技,16.53,4.5,10.0,8.0,-1.0,False,False
20260601,600280,中央商场,15.54,4.0,10.0,8.0,9.94,True,True
20260601,600797,浙大网新,17.47,4.0,10.0,8.0,6.18,True,False
20260601,603678,火炬电子,13.26,5.5,8.0,6.0,10.0,True,True
20260601,001210,金房能源,18.22,6.0,10.0,8.0,10.0,True,True
20260601,000055,方大集团,16.35,4.0,8.0,6.0,9.97,True,True
20260601,603773,沃格光电,22.63,8.0,10.0,8.0,6.56,True,False
20260601,603330,天洋新材,17.22,3.0,8.0,6.0,10.06,True,True
20260601,002580,圣阳股份,20.33,5.0,10.0,8.0,0.94,True,False
20260601,002235,安妮股份,18.23,4.0,8.0,6.0,-6.73,False,False
20260601,600152,维科技术,16.74,5.0,10.0,8.0,-2.47,False,False
20260601,000048,京基智农,18.09,4.0,8.0,6.0,1.23,True,False
20260601,603823,百合花,14.15,3.0,10.0,8.0,0.71,True,False
20260601,002637,赞宇科技,18.15,4.0,10.0,8.0,6.7,True,False
20260601,000681,视觉中国,19.3,5.0,10.0,8.0,2.38,True,False
20260601,603533,掌阅科技,17.16,6.0,10.0,8.0,-0.72,False,False
20260601,603171,税友股份,18.52,2.5,10.0,8.0,3.08,True,False
20260601,002830,名雕股份,17.65,5.0,10.0,8.0,-3.55,False,False
20260601,002279,久其软件,13.48,5.0,10.0,8.0,-2.05,False,False
20260601,002229,鸿博股份,17.71,5.0,8.0,6.0,-2.17,False,False
20260601,600156,华升股份,17.94,6.0,8.0,6.0,-7.98,False,False
20260601,002871,伟隆股份,17.7,5.0,10.0,8.0,3.07,True,False
20260601,002421,达实智能,20.09,6.0,10.0,8.0,9.96,True,True
20260601,600301,华锡有色,18.82,5.0,8.0,6.0,10.0,True,True
20260601,002474,榕基软件,17.33,3.0,10.0,8.0,-3.3,False,False
20260601,603341,龙旗科技,16.29,5.0,10.0,8.0,4.64,True,False
20260601,600847,万里股份,17.81,4.0,10.0,8.0,-3.94,False,False
20260601,002613,北玻股份,15.64,5.0,8.0,6.0,-1.85,False,False
20260601,603725,天安新材,17.48,4.0,8.0,6.0,-2.05,False,False
20260601,603045,福达合金,12.4,4.5,8.0,6.0,10.0,True,True
20260601,603296,华勤技术,21.93,3.0,10.0,8.0,6.46,True,False
20260601,002081,金 螳 螂,17.96,5.0,10.0,8.0,1.03,True,False
20260601,600503,华丽家族,17.52,3.0,10.0,8.0,-2.4,False,False
20260601,002181,粤 传 媒,13.6,4.5,8.0,6.0,-10.02,False,False
20260601,002766,索菱股份,15.27,5.0,10.0,8.0,-4.54,False,False
20260601,605566,福莱蒽特,13.02,5.0,10.0,8.0,0.6,True,False
20260601,603819,神力股份,16.39,5.0,10.0,8.0,-4.63,False,False
20260601,600596,新安股份,15.54,2.5,8.0,6.0,-1.28,False,False
20260601,603407,长裕集团,17.52,5.0,10.0,8.0,-1.46,False,False
20260601,002062,宏润建设,14.48,3.0,8.0,6.0,-4.79,False,False
20260601,000037,深南电A,12.15,1.5,10.0,8.0,-5.06,False,False
20260601,000031,大悦城,18.55,4.0,10.0,8.0,-3.83,False,False
20260601,002579,中京电子,13.9,3.5,8.0,6.0,10.02,True,True
20260601,000510,新金路,18.69,6.0,10.0,8.0,6.88,True,False
20260601,600841,动力新科,17.29,2.0,10.0,8.0,-5.38,False,False
20260601,600981,苏豪汇鸿,17.99,4.0,8.0,6.0,-2.21,False,False
20260601,603991,领先股份,17.26,3.0,8.0,6.0,-3.13,False,False
20260601,603161,科华控股,14.37,3.0,10.0,8.0,3.58,True,False
20260601,002629,仁智股份,15.11,6.0,8.0,6.0,-3.84,False,False
20260601,003004,声迅股份,14.25,5.0,8.0,6.0,9.09,True,False
20260601,002527,新时达,14.99,5.0,10.0,8.0,-5.3,False,False
20260601,603121,华培动力,14.72,3.0,10.0,8.0,-5.9,False,False
20260601,000626,远大控股,14.8,3.0,8.0,6.0,-3.05,False,False
20260601,603344,星德胜,12.33,5.0,10.0,8.0,6.54,True,False
20260601,000533,顺钠股份,16.26,6.0,8.0,6.0,-4.02,False,False
20260601,600160,巨化股份,12.37,2.5,10.0,8.0,5.26,True,False
20260601,002995,天地在线,15.18,3.0,10.0,8.0,3.54,True,False
20260601,002657,中科金财,13.7,3.0,10.0,8.0,-3.82,False,False
20260601,002955,鸿合科技,13.64,4.0,10.0,8.0,-0.83,False,False
20260601,002404,嘉欣丝绸,9.13,4.5,10.0,8.0,9.96,True,True
20260601,603138,海量数据,13.65,5.0,10.0,8.0,-1.98,False,False
20260601,600463,空港股份,14.23,3.0,10.0,8.0,-5.67,False,False
20260601,600727,鲁北化工,12.65,5.0,10.0,8.0,-1.58,False,False
20260601,600769,祥龙电业,15.22,6.0,8.0,6.0,-1.51,False,False
20260601,600617,国新能源,10.45,2.0,10.0,8.0,-0.54,False,False
20260601,003041,真爱美家,12.03,4.0,10.0,8.0,-3.45,False,False
20260601,603598,引力传媒,11.33,3.0,10.0,8.0,-5.08,False,False
20260601,600121,郑州煤电,11.98,5.0,10.0,8.0,10.0,True,True
20260601,601101,昊华能源,12.31,4.0,10.0,8.0,0.38,True,False
20260601,600798,宁波海运,9.56,5.0,8.0,6.0,-4.2,False,False
20260601,605298,必得科技,11.41,2.0,8.0,6.0,-4.36,False,False
20260601,601699,潞安环能,9.23,2.0,10.0,8.0,1.14,True,False
20260601,600403,大有能源,9.99,3.0,10.0,8.0,10.07,True,True
20260601,601001,晋控煤业,11.8,2.0,10.0,8.0,2.23,True,False
20260601,002925,盈趣科技,13.57,3.0,10.0,8.0,5.2,True,False
20260601,600539,狮头股份,8.64,6.0,8.0,6.0,-4.87,False,False
20260601,605398,新炬网络,7.75,4.0,10.0,8.0,-4.48,False,False
20260601,600588,用友网络,8.63,2.0,10.0,8.0,-1.14,False,False
20260601,603193,润本股份,7.31,5.0,8.0,6.0,-3.58,False,False
20260601,002933,新兴装备,7.62,4.0,8.0,6.0,-2.06,False,False
20260601,002647,仁东控股,8.32,5.0,8.0,6.0,0.86,True,False
20260601,603039,泛微网络,8.61,3.0,10.0,8.0,4.42,True,False
20260601,002068,黑猫股份,8.4,4.0,8.0,6.0,-5.0,False,False
20260601,600737,中粮糖业,4.31,2.5,10.0,8.0,-0.28,False,False
20260601,003030,祖名股份,5.05,4.5,10.0,8.0,-7.34,False,False
20260601,603877,太平鸟,7.25,3.0,10.0,8.0,-3.1,False,False
20260601,600540,新赛股份,7.36,5.0,8.0,6.0,-1.4,False,False
20260601,002700,万憬能源,7.4,5.0,10.0,8.0,3.52,True,False
20260601,603808,歌力思,7.85,4.0,10.0,8.0,-5.61,False,False
20260601,601918,新集能源,7.77,4.5,10.0,8.0,-2.75,False,False
20260601,600546,山煤国际,3.06,2.5,10.0,8.0,-5.57,False,False
20260601,000722,湖南发展,6.76,5.0,10.0,8.0,-1.11,False,False
20260601,600188,兖矿能源,6.71,1.5,10.0,8.0,-0.5,False,False
20260601,603778,国晟科技,4.73,4.5,8.0,6.0,-0.6,False,False
20260601,600758,辽宁能源,6.33,4.0,10.0,8.0,1.74,True,False
20260601,002099,海翔药业,5.4,3.0,8.0,6.0,-1.65,False,False
20260601,002951,金时科技,6.49,7.0,8.0,6.0,10.0,True,True
20260601,600011,华能国际,6.86,3.5,10.0,8.0,-6.86,False,False
20260529,605277,新亚电子,21.11,4.0,10.0,8.0,4.55,True,False
20260529,002806,华锋股份,16.0,2.5,8.0,6.0,-0.05,False,False
20260529,600162,香江控股,21.81,6.0,10.0,8.0,4.66,True,False
20260529,002457,青龙管业,17.56,5.0,8.0,6.0,2.69,True,False
20260529,000539,粤电力Ａ,22.45,4.0,10.0,8.0,10.02,True,True
20260529,603324,盛剑科技,16.33,5.0,8.0,6.0,-4.14,False,False
20260529,603011,合锻智能,20.37,5.5,8.0,6.0,9.99,True,True
20260529,000608,阳光股份,17.87,5.0,10.0,8.0,7.64,True,False
20260529,600726,华电能源,17.71,4.0,10.0,8.0,-6.22,False,False
20260529,001269,欧晶科技,18.77,4.0,8.0,6.0,1.2,True,False
20260529,603890,春秋电子,18.25,5.0,10.0,8.0,10.0,True,True
20260529,600622,光大嘉宝,15.72,5.0,10.0,8.0,-0.75,False,False
20260529,603303,得邦照明,12.13,1.5,8.0,6.0,-9.1,False,False
20260529,603616,韩建河山,17.39,5.0,8.0,6.0,-1.47,False,False
20260529,000037,深南电A,18.92,5.0,10.0,8.0,10.0,True,True
20260529,603435,嘉德利,14.06,2.0,8.0,6.0,6.17,True,False
20260529,603060,国检集团,17.59,2.0,8.0,6.0,1.01,True,False
20260529,600110,诺德股份,14.61,5.0,8.0,6.0,-2.29,False,False
20260529,600280,中央商场,18.0,3.0,10.0,8.0,10.0,True,True
20260529,600828,茂业商业,19.47,4.0,10.0,8.0,2.38,True,False
20260529,601566,九牧王,17.27,5.0,8.0,6.0,5.64,True,False
20260529,000090,天健集团,17.3,4.0,10.0,8.0,0.52,True,False
20260529,600857,宁波中百,15.36,4.5,10.0,8.0,1.62,True,False
20260529,002995,天地在线,20.2,6.5,8.0,6.0,9.99,True,True
20260529,600693,东百集团,17.33,4.5,10.0,8.0,6.45,True,False
20260529,002251,步步高,20.94,5.0,10.0,8.0,2.46,True,False
20260529,000767,晋控电力,25.0,5.0,10.0,8.0,10.04,True,True
20260529,002608,江苏国信,15.35,2.0,10.0,8.0,10.0,True,True
20260529,600865,百大集团,16.77,5.0,10.0,8.0,3.77,True,False
20260529,600979,广安爱众,13.66,4.5,10.0,8.0,-0.57,False,False
20260529,600863,华能蒙电,12.21,6.5,10.0,8.0,8.49,True,False
20260529,600530,交大昂立,14.91,3.0,8.0,6.0,-0.68,False,False
20260529,002081,金 螳 螂,14.51,4.5,8.0,6.0,10.06,True,True
20260529,000151,中成股份,14.47,5.0,8.0,6.0,3.23,True,False
20260529,601116,三江购物,15.81,3.0,10.0,8.0,0.15,True,False
20260529,601702,华峰铝业,14.34,3.0,10.0,8.0,-1.51,False,False
20260529,600488,津药药业,7.71,4.5,10.0,8.0,2.17,True,False
20260529,000025,特  力Ａ,11.84,3.0,8.0,6.0,-0.38,False,False
20260529,601086,国芳集团,12.73,3.0,10.0,8.0,-2.34,False,False
20260529,000799,酒鬼酒,10.81,4.5,8.0,6.0,-0.96,False,False
20260529,600869,远东股份,9.32,4.5,8.0,6.0,-4.65,False,False
20260529,002824,和胜股份,12.3,6.0,10.0,8.0,-3.4,False,False
20260529,600011,华能国际,2.41,2.5,10.0,8.0,10.03,True,True
20260529,000926,福星股份,6.45,5.0,10.0,8.0,-4.25,False,False
20260529,605177,东亚药业,6.07,5.0,10.0,8.0,-4.25,False,False
20260528,600726,华电能源,15.62,4.0,10.0,8.0,9.99,True,True
20260528,600589,大位科技,21.1,5.0,8.0,6.0,-9.21,False,False
20260528,000509,华塑控股,20.71,6.5,10.0,8.0,-9.95,False,False
20260528,002995,天地在线,17.72,5.0,10.0,8.0,10.02,True,True
20260528,600063,皖维高新,19.29,3.0,8.0,6.0,0.72,True,False
20260528,002688,金河生物,15.45,5.0,8.0,6.0,-7.23,False,False
20260528,000539,粤电力Ａ,17.56,4.0,10.0,8.0,10.04,True,True
20260528,000720,新能泰山,16.92,4.0,10.0,8.0,4.14,True,False
20260528,603050,科林电气,16.56,2.0,10.0,8.0,0.32,True,False
20260528,002918,蒙娜丽莎,16.79,6.0,8.0,6.0,-10.03,False,False
20260528,002484,江海股份,20.98,2.0,10.0,8.0,5.1,True,False
20260528,000791,甘肃能源,12.27,4.5,10.0,8.0,1.65,True,False
20260528,002613,北玻股份,16.83,7.0,10.0,8.0,-9.96,False,False
20260528,603032,德新科技,17.75,4.0,10.0,8.0,-8.34,False,False
20260528,000920,沃顿科技,15.62,4.0,10.0,8.0,-0.23,False,False
20260528,002210,飞马国际,18.8,4.0,10.0,8.0,1.75,True,False
20260528,000889,中嘉博创,18.39,5.0,8.0,6.0,-6.05,False,False
20260528,600162,香江控股,14.71,4.5,10.0,8.0,9.84,True,True
20260528,000692,惠天热电,16.26,5.0,10.0,8.0,1.35,True,False
20260528,000636,风华高科,15.97,6.5,10.0,8.0,9.03,True,False
20260528,002669,康达新材,15.59,2.5,10.0,8.0,-10.02,False,False
20260528,000090,天健集团,17.66,3.0,10.0,8.0,10.0,True,True
20260528,603011,合锻智能,15.6,5.0,10.0,8.0,10.02,True,True
20260528,002350,北京科锐,19.33,4.0,10.0,8.0,-1.22,False,False
20260528,000530,冰山冷热,18.12,6.0,10.0,8.0,1.63,True,False
20260528,603678,火炬电子,13.8,4.5,10.0,8.0,2.39,True,False
20260528,002806,华锋股份,18.35,6.0,10.0,8.0,9.99,True,True
20260528,603757,大元泵业,18.4,4.0,10.0,8.0,-6.04,False,False
20260528,000068,华控赛格,17.58,4.0,10.0,8.0,-2.79,False,False
20260528,601588,北辰实业,14.2,3.0,10.0,8.0,2.43,True,False
20260528,603861,白云电器,18.7,4.0,10.0,8.0,1.97,True,False
20260528,600172,黄河旋风,18.74,8.0,10.0,8.0,-3.56,False,False
20260528,002951,金时科技,18.2,5.0,8.0,6.0,0.86,True,False
20260528,002243,力合科创,17.89,3.0,8.0,6.0,-3.1,False,False
20260528,000859,国风新材,16.79,5.0,10.0,8.0,0.65,True,False
20260528,603458,勘设股份,12.02,4.5,8.0,6.0,-7.93,False,False
20260528,600151,航天机电,12.44,4.5,10.0,8.0,-8.5,False,False
20260528,000600,建投能源,12.93,4.5,10.0,8.0,3.72,True,False
20260528,603682,锦和商管,15.27,4.0,8.0,6.0,-2.09,False,False
20260528,002397,梦洁股份,15.13,4.0,8.0,6.0,-3.03,False,False
20260528,002857,三晖电气,14.13,5.0,10.0,8.0,-10.01,False,False
20260528,603988,中电电机,14.95,4.0,8.0,6.0,-7.99,False,False
20260528,603773,沃格光电,11.21,5.5,10.0,8.0,-5.37,False,False
20260528,002878,元隆雅图,15.53,6.0,10.0,8.0,1.85,True,False
20260528,002639,雪人集团,16.2,5.0,10.0,8.0,3.87,True,False
20260528,600360,华微电子,14.63,4.5,10.0,8.0,-2.28,False,False
20260528,600527,江南高纤,14.44,5.0,8.0,6.0,-4.07,False,False
20260528,002640,跨境通,14.28,5.0,8.0,6.0,-1.81,False,False
20260528,600032,浙江新能,14.97,3.0,10.0,8.0,2.02,True,False
20260528,603006,联明股份,12.19,3.0,10.0,8.0,-3.63,False,False
20260528,002552,宝鼎科技,10.56,8.0,10.0,8.0,3.81,True,False
20260528,603256,宏和科技,12.52,4.0,10.0,8.0,2.14,True,False
20260528,002348,高乐股份,13.13,4.0,8.0,6.0,5.06,True,False
20260528,003018,金富科技,12.26,3.0,8.0,6.0,4.26,True,False
20260528,601101,昊华能源,11.44,2.0,8.0,6.0,2.29,True,False
20260528,603324,盛剑科技,11.28,5.0,8.0,6.0,10.01,True,True
20260528,600982,宁波能源,11.9,5.0,10.0,8.0,-0.15,False,False
20260528,600206,有研新材,7.01,4.5,10.0,8.0,-7.89,False,False
20260528,002957,科瑞技术,7.2,5.5,10.0,8.0,0.13,True,False
20260528,603977,国泰集团,9.52,5.0,10.0,8.0,-0.79,False,False
20260528,002428,云南锗业,17.5,5.0,10.0,8.0,1.48,True,False
20260528,603267,鸿远电子,11.3,5.0,10.0,8.0,-1.14,False,False
20260528,000628,高新发展,6.06,4.5,8.0,6.0,0.51,True,False
20260528,002636,金安国纪,8.97,4.5,10.0,8.0,0.02,True,False
20260528,600110,诺德股份,10.27,4.5,10.0,8.0,9.99,True,True
20260528,600367,红星发展,2.55,3.5,8.0,6.0,-3.37,False,False
20260528,603031,安孚科技,4.26,4.5,10.0,8.0,3.55,True,False
20260528,600330,天通股份,3.8,2.5,8.0,6.0,-4.66,False,False
20260528,600246,万通发展,7.74,4.5,10.0,8.0,-3.81,False,False
20260528,601958,金钼股份,6.32,3.5,10.0,8.0,-9.98,False,False
20260528,002263,大东南,8.02,5.0,10.0,8.0,-0.76,False,False
20260528,600459,贵研铂业,7.84,4.5,10.0,8.0,-4.49,False,False
20260528,002579,中京电子,9.38,2.5,10.0,8.0,-5.72,False,False
20260528,603527,众源新材,6.62,5.0,10.0,8.0,-6.07,False,False
20260528,002943,宇晶股份,7.76,4.5,10.0,8.0,-7.09,False,False
20260528,603955,大千生态,7.63,4.0,8.0,6.0,-5.01,False,False
20260528,002975,博杰股份,8.92,7.0,10.0,8.0,7.46,True,False
20260528,003036,泰坦股份,4.54,6.5,10.0,8.0,-0.41,False,False
20260528,000063,中兴通讯,15.0,5.0,8.0,6.0,-4.13,False,False
20260528,605376,博迁新材,2.47,4.5,8.0,6.0,-2.26,False,False
20260528,603110,东方材料,8.01,5.0,10.0,8.0,-5.51,False,False
20260528,002859,洁美科技,5.92,4.5,8.0,6.0,-0.89,False,False
20260528,601369,陕鼓动力,6.26,3.0,10.0,8.0,-0.1,False,False
20260528,600176,中国巨石,3.19,2.5,10.0,8.0,-3.17,False,False
20260528,002203,海亮股份,3.38,1.5,10.0,8.0,-2.19,False,False
20260528,605580,恒盛能源,5.96,7.0,10.0,8.0,7.49,True,False
20260528,002056,横店东磁,0.07,5.5,10.0,8.0,-6.53,False,False
20260528,002871,伟隆股份,5.52,4.0,10.0,8.0,-3.5,False,False
20260528,603353,和顺石油,5.46,5.5,8.0,6.0,-10.0,False,False
20260528,603601,再升科技,8.04,2.5,8.0,6.0,-9.99,False,False
20260528,600237,铜峰电子,5.3,2.5,10.0,8.0,-2.93,False,False
20260528,603989,艾华集团,4.16,6.5,10.0,8.0,-6.79,False,False
20260527,002579,中京电子,15.11,5.5,10.0,8.0,9.98,True,True
20260527,002484,江海股份,25.0,4.0,10.0,8.0,9.99,True,True
20260527,603533,掌阅科技,14.62,5.0,8.0,6.0,-4.33,False,False
20260527,600162,香江控股,16.87,4.0,10.0,8.0,9.96,True,True
20260527,603968,醋化股份,16.54,5.0,10.0,8.0,-1.87,False,False
20260527,000509,华塑控股,16.31,5.5,8.0,6.0,9.98,True,True
20260527,002129,TCL中环,14.72,5.0,8.0,6.0,5.14,True,False
20260527,002927,泰永长征,16.29,5.5,10.0,8.0,-1.31,False,False
20260527,002771,真视通,16.47,5.5,8.0,6.0,1.39,True,False
20260527,002072,凯瑞德,17.27,5.0,8.0,6.0,-1.88,False,False
20260527,600726,华电能源,19.53,3.0,10.0,8.0,10.04,True,True
20260527,605167,利柏特,16.25,2.0,10.0,8.0,-5.44,False,False
20260527,603011,合锻智能,17.16,5.0,10.0,8.0,10.0,True,True
20260527,001257,盛龙股份,17.22,2.0,8.0,6.0,-1.44,False,False
20260527,000608,阳光股份,17.35,4.0,10.0,8.0,-0.48,False,False
20260527,603115,海星股份,12.28,6.5,10.0,8.0,-2.37,False,False
20260527,600744,华银电力,17.49,5.0,10.0,8.0,1.86,True,False
20260527,603895,天永智能,17.39,3.0,10.0,8.0,-2.76,False,False
20260527,000892,欢瑞世纪,18.06,6.0,8.0,6.0,-4.89,False,False
20260527,605055,迎丰股份,13.34,3.0,8.0,6.0,0.34,True,False
20260527,002706,良信股份,16.94,5.0,10.0,8.0,1.62,True,False
20260527,000601,韶能股份,13.82,2.5,10.0,8.0,-0.25,False,False
20260527,601126,XD四方股,9.42,4.5,10.0,8.0,-0.95,False,False
20260527,605066,天正电气,13.31,5.0,10.0,8.0,-0.25,False,False
20260527,001360,南矿集团,15.44,7.0,10.0,8.0,-1.81,False,False
20260527,603663,三祥新材,15.14,5.0,8.0,6.0,-0.67,False,False
20260527,603633,徕木股份,13.25,4.5,8.0,6.0,1.02,True,False
20260527,001299,美能能源,14.61,5.0,8.0,6.0,-0.38,False,False
20260527,600758,辽宁能源,14.73,5.0,8.0,6.0,-1.51,False,False
20260527,002971,和远气体,11.84,5.0,10.0,8.0,-3.62,False,False
20260527,002881,美格智能,9.51,2.5,8.0,6.0,-0.5,False,False
20260527,600353,旭光电子,8.35,5.0,8.0,6.0,-3.55,False,False
20260527,605289,罗曼股份,11.91,3.0,10.0,8.0,0.92,True,False
20260527,002251,步步高,12.23,5.0,10.0,8.0,-2.84,False,False
20260527,000759,中百集团,10.24,5.0,10.0,8.0,-4.94,False,False
20260527,603538,美诺华,8.33,5.0,8.0,6.0,-2.07,False,False
20260527,600863,华能蒙电,8.54,5.5,10.0,8.0,-1.04,False,False
20260527,600396,华电辽能,9.97,4.0,10.0,8.0,3.72,True,False
20260527,603989,艾华集团,2.38,6.5,10.0,8.0,9.99,True,True
20260527,000539,粤电力Ａ,8.4,5.0,10.0,8.0,9.95,True,True
20260527,002012,凯恩股份,6.28,3.5,8.0,6.0,-9.95,False,False
20260527,605300,佳禾食品,5.18,2.0,8.0,6.0,-2.48,False,False
20260527,600779,水井坊,5.54,3.0,8.0,6.0,2.5,True,False
20260527,603032,德新科技,2.23,4.5,8.0,6.0,10.01,True,True
20260527,603335,迪生力,7.74,6.0,8.0,6.0,0.82,True,False
20260527,603578,三星新材,7.28,5.0,8.0,6.0,-5.02,False,False
20260526,002388,新亚制程,18.33,4.0,8.0,6.0,-4.35,False,False
20260526,002185,华天科技,20.0,5.5,10.0,8.0,7.93,True,False
20260526,600520,三佳科技,18.36,5.0,10.0,8.0,-8.23,False,False
20260526,600162,香江控股,17.89,4.0,10.0,8.0,10.0,True,True
20260526,000509,华塑控股,17.45,4.0,10.0,8.0,9.92,True,True
20260526,600173,卧龙新能,16.65,3.0,10.0,8.0,2.56,True,False
20260526,002896,中大力德,15.74,2.5,10.0,8.0,-3.98,False,False
20260526,603353,和顺石油,15.44,5.0,8.0,6.0,-6.26,False,False
20260526,002251,步步高,16.52,5.0,10.0,8.0,10.12,True,True
20260526,600726,华电能源,17.19,2.0,10.0,8.0,9.99,True,True
20260526,600635,大众公用,12.4,4.5,10.0,8.0,-3.65,False,False
20260526,600367,红星发展,16.64,5.0,10.0,8.0,1.41,True,False
20260526,002585,双星新材,14.57,5.0,10.0,8.0,-1.1,False,False
20260526,000759,中百集团,16.51,5.0,10.0,8.0,9.96,True,True
20260526,001331,胜通能源,16.34,4.5,10.0,8.0,2.87,True,False
20260526,600021,上海电力,18.51,4.5,10.0,8.0,0.98,True,False
20260526,603773,沃格光电,17.34,5.0,10.0,8.0,9.23,True,False
20260526,603685,晨丰科技,13.13,2.5,10.0,8.0,-0.17,False,False
20260526,600172,黄河旋风,9.4,6.0,10.0,8.0,-0.23,False,False
20260526,002886,沃特股份,12.71,3.0,10.0,8.0,-6.3,False,False
20260526,603995,甬金股份,12.06,2.5,8.0,6.0,-0.71,False,False
20260526,002579,中京电子,15.26,3.0,10.0,8.0,9.97,True,True
20260526,001366,播恩集团,15.78,8.0,8.0,6.0,-9.99,False,False
20260526,000510,新金路,9.13,5.0,10.0,8.0,-0.39,False,False
20260526,000506,招金黄金,15.19,5.0,8.0,6.0,-3.38,False,False
20260526,002771,真视通,10.63,3.0,8.0,6.0,10.01,True,True
20260526,601958,金钼股份,12.3,2.0,10.0,8.0,5.08,True,False
20260526,600378,昊华科技,9.91,3.0,8.0,6.0,1.91,True,False
20260526,001257,盛龙股份,5.44,1.5,10.0,8.0,9.99,True,True
20260526,002552,宝鼎科技,7.86,5.5,10.0,8.0,4.88,True,False
20260526,600183,生益科技,7.18,3.5,10.0,8.0,2.8,True,False
20260526,605006,山东玻纤,7.76,6.0,8.0,6.0,3.52,True,False
20260526,002181,粤 传 媒,7.08,5.0,8.0,6.0,3.52,True,False
20260526,003036,泰坦股份,3.22,5.5,10.0,8.0,5.34,True,False
20260526,001376,百通能源,7.67,5.0,10.0,8.0,-1.83,False,False
20260526,601600,中国铝业,6.11,2.5,8.0,6.0,-2.07,False,False
20260526,002627,三峡旅游,7.67,4.0,8.0,6.0,2.61,True,False
20260526,002733,雄韬股份,0.04,3.5,8.0,6.0,4.81,True,False
20260526,600301,华锡有色,5.95,5.0,10.0,8.0,-6.93,False,False
20260526,605196,华通线缆,6.67,3.0,8.0,6.0,-6.33,False,False
20260526,600584,长电科技,9.61,5.0,10.0,8.0,-2.3,False,False
20260526,003004,声迅股份,5.14,4.5,8.0,6.0,0.31,True,False
20260525,002938,鹏鼎控股,18.8,2.0,10.0,8.0,1.47,True,False
20260525,000636,风华高科,25.0,5.0,10.0,8.0,0.77,True,False
20260525,000409,云鼎科技,17.7,4.0,10.0,8.0,-0.86,False,False
20260525,600539,狮头股份,16.06,5.0,8.0,6.0,-1.1,False,False
20260525,603661,恒林股份,17.45,5.0,8.0,6.0,4.72,True,False
20260525,002526,山东矿机,17.91,4.0,10.0,8.0,-4.12,False,False
20260525,603871,嘉友国际,15.58,2.0,10.0,8.0,-0.17,False,False
20260525,002585,双星新材,19.1,4.5,8.0,6.0,10.02,True,True
20260525,605111,新洁能,18.2,3.0,10.0,8.0,1.79,True,False
20260525,600503,华丽家族,16.23,4.0,10.0,8.0,-2.1,False,False
20260525,601608,中信重工,18.36,3.5,10.0,8.0,-2.4,False,False
20260525,002741,光华科技,14.9,5.0,8.0,6.0,0.82,True,False
20260525,002975,博杰股份,12.74,4.5,10.0,8.0,-5.06,False,False
20260525,002897,意华股份,12.34,4.5,10.0,8.0,2.48,True,False
20260525,002951,金时科技,16.43,3.0,10.0,8.0,-5.56,False,False
20260525,002012,凯恩股份,14.49,5.0,8.0,6.0,2.21,True,False
20260525,600637,东方明珠,14.29,3.0,10.0,8.0,-9.88,False,False
20260525,002693,双成药业,12.4,8.0,10.0,8.0,-0.95,False,False
20260525,002927,泰永长征,16.64,4.0,10.0,8.0,-9.99,False,False
20260525,002421,达实智能,12.6,3.5,10.0,8.0,-3.12,False,False
20260525,002947,恒铭达,14.0,3.0,8.0,6.0,3.53,True,False
20260525,002735,王子新材,18.16,5.0,8.0,6.0,-4.23,False,False
20260525,600186,莲花控股,12.83,5.5,8.0,6.0,2.01,True,False
20260525,002976,瑞玛精密,17.54,5.0,10.0,8.0,-2.57,False,False
20260525,601666,平煤股份,12.22,1.5,10.0,8.0,-1.89,False,False
20260525,000926,福星股份,17.53,5.0,10.0,8.0,4.41,True,False
20260525,002718,友邦吊顶,15.17,2.0,8.0,6.0,2.55,True,False
20260525,603936,博敏电子,14.65,4.5,10.0,8.0,5.59,True,False
20260525,600831,广电网络,17.17,3.0,10.0,8.0,-6.12,False,False
20260525,002297,博云新材,13.4,2.5,8.0,6.0,-9.99,False,False
20260525,600578,京能电力,17.88,6.0,10.0,8.0,1.44,True,False
20260525,002980,华盛昌,12.59,5.5,10.0,8.0,-9.78,False,False
20260525,605566,福莱蒽特,15.42,5.0,10.0,8.0,0.99,True,False
20260525,600395,盘江股份,17.43,2.0,10.0,8.0,-5.11,False,False
20260525,605198,安德利,17.73,3.5,8.0,6.0,0.86,True,False
20260525,002674,兴业科技,17.33,3.0,8.0,6.0,-1.0,False,False
20260525,600603,广汇物流,16.37,3.0,10.0,8.0,-6.67,False,False
20260525,603990,麦迪科技,15.89,5.0,8.0,6.0,4.74,True,False
20260525,002185,华天科技,24.14,5.0,10.0,8.0,10.02,True,True
20260525,603005,晶方科技,17.53,4.0,10.0,8.0,4.76,True,False
20260525,600592,龙溪股份,15.22,4.5,10.0,8.0,3.39,True,False
20260525,600996,贵广网络,17.73,3.0,10.0,8.0,-1.25,False,False
20260525,000980,众泰汽车,17.77,3.0,10.0,8.0,-0.35,False,False
20260525,000875,电投绿能,17.39,2.0,10.0,8.0,2.33,True,False
20260525,600376,首开股份,15.42,4.5,10.0,8.0,5.24,True,False
20260525,603001,奥康国际,12.05,4.5,8.0,6.0,1.22,True,False
20260525,603919,金徽酒,15.34,4.0,10.0,8.0,-1.65,False,False
20260525,600726,华电能源,18.27,2.0,10.0,8.0,9.97,True,True
20260525,002432,九安医疗,12.54,3.5,8.0,6.0,4.23,True,False
20260525,603823,百合花,17.63,3.0,10.0,8.0,6.71,True,False
20260525,605588,冠石科技,11.35,5.0,10.0,8.0,-4.08,False,False
20260525,600162,香江控股,12.48,3.0,10.0,8.0,9.95,True,True
20260525,002388,新亚制程,14.73,6.0,8.0,6.0,10.09,True,True
20260525,600172,黄河旋风,14.44,5.0,10.0,8.0,10.01,True,True
20260525,002438,江苏神通,13.48,3.0,10.0,8.0,-0.11,False,False
20260525,000995,皇台酒业,14.79,4.0,10.0,8.0,-4.4,False,False
20260525,002613,北玻股份,10.16,2.5,10.0,8.0,0.22,True,False
20260525,600310,广西能源,12.47,4.5,10.0,8.0,-1.43,False,False
20260525,600520,三佳科技,14.78,5.0,10.0,8.0,10.01,True,True
20260525,000510,新金路,9.17,5.0,10.0,8.0,9.98,True,True
20260525,003036,泰坦股份,14.51,6.0,10.0,8.0,10.0,True,True
20260525,002957,科瑞技术,15.42,5.0,10.0,8.0,10.0,True,True
20260525,000966,长源电力,10.4,4.5,10.0,8.0,-1.54,False,False
20260525,603730,岱美股份,9.3,1.5,10.0,8.0,5.16,True,False
20260525,002552,宝鼎科技,9.45,6.5,10.0,8.0,10.0,True,True
20260525,000564,供销大集,6.56,4.5,8.0,6.0,-1.11,False,False
20260525,600851,海欣股份,11.53,3.0,10.0,8.0,1.62,True,False
20260525,002645,华宏科技,6.48,5.5,8.0,6.0,1.94,True,False
20260525,603010,万盛股份,11.76,4.0,10.0,8.0,6.28,True,False
20260525,000509,华塑控股,8.12,4.5,10.0,8.0,9.98,True,True
20260525,002051,中工国际,11.56,5.0,8.0,6.0,-2.47,False,False
20260525,603956,威派格,11.69,6.0,10.0,8.0,-3.37,False,False
20260525,603360,百傲化学,9.69,3.0,8.0,6.0,2.97,True,False
20260525,002409,雅克科技,11.26,4.5,10.0,8.0,-3.85,False,False
20260525,603203,快克智能,9.67,5.0,10.0,8.0,3.5,True,False
20260525,603256,宏和科技,8.5,1.5,10.0,8.0,4.9,True,False
20260525,002156,通富微电,5.96,2.5,10.0,8.0,8.04,True,False
20260525,002056,横店东磁,2.27,4.5,8.0,6.0,4.64,True,False
20260525,603303,得邦照明,2.09,1.5,8.0,6.0,3.91,True,False
20260525,600863,华能蒙电,7.59,4.5,10.0,8.0,2.87,True,False
20260525,605580,恒盛能源,7.48,4.0,10.0,8.0,6.54,True,False
20260525,603083,剑桥科技,8.91,4.5,10.0,8.0,-1.94,False,False
20260525,603663,三祥新材,2.41,4.5,10.0,8.0,4.97,True,False
20260525,002851,麦格米特,8.26,4.5,10.0,8.0,4.25,True,False
20260525,002745,木林森,2.52,4.5,10.0,8.0,-3.33,False,False
20260525,000518,四环生物,2.37,2.5,8.0,6.0,-9.91,False,False
20260525,600969,郴电国际,5.43,5.0,10.0,8.0,5.73,True,False
20260525,000988,华工科技,8.82,4.5,10.0,8.0,-0.94,False,False
20260525,600584,长电科技,10.1,2.5,10.0,8.0,10.0,True,True
20260525,600234,科新发展,5.07,3.0,8.0,6.0,3.08,True,False
20260525,600396,华电辽能,4.89,2.5,10.0,8.0,5.37,True,False
20260522,600611,大众交通,19.46,6.0,8.0,6.0,0.16,True,False
20260522,603661,恒林股份,17.8,4.0,8.0,6.0,9.99,True,True
20260522,002938,鹏鼎控股,25.0,2.5,10.0,8.0,10.0,True,True
20260522,603232,格尔软件,17.56,5.0,8.0,6.0,4.64,True,False
20260522,000518,四环生物,16.72,5.5,8.0,6.0,9.93,True,True
20260522,600172,黄河旋风,15.93,5.0,10.0,8.0,10.01,True,True
20260522,600303,曙光股份,17.93,5.5,8.0,6.0,-2.61,False,False
20260522,000636,风华高科,19.47,4.0,10.0,8.0,9.99,True,True
20260522,605376,博迁新材,13.56,4.0,8.0,6.0,8.85,True,False
20260522,002552,宝鼎科技,12.97,8.0,10.0,8.0,9.99,True,True
20260522,001225,和泰机电,16.5,5.5,10.0,8.0,-1.93,False,False
20260522,601992,金隅集团,12.19,2.0,8.0,6.0,0.0,False,False
20260522,600530,交大昂立,17.18,6.0,8.0,6.0,-2.79,False,False
20260522,000417,合百集团,12.72,3.5,8.0,6.0,1.07,True,False
20260522,002885,京泉华,15.58,4.5,10.0,8.0,-5.05,False,False
20260522,002741,光华科技,12.42,2.5,10.0,8.0,10.02,True,True
20260522,600186,莲花控股,15.01,5.5,8.0,6.0,10.04,True,True
20260522,603989,艾华集团,18.11,6.0,10.0,8.0,8.02,True,False
20260522,603228,景旺电子,16.91,3.0,10.0,8.0,5.36,True,False
20260522,603256,宏和科技,13.71,1.5,10.0,8.0,10.0,True,True
20260522,600539,狮头股份,18.13,5.0,8.0,6.0,10.03,True,True
20260522,605006,山东玻纤,14.69,5.0,10.0,8.0,3.49,True,False
20260522,002442,龙星科技,17.56,5.5,8.0,6.0,-3.21,False,False
20260522,600545,卓郎智能,18.18,5.0,10.0,8.0,4.23,True,False
20260522,605580,恒盛能源,17.66,4.0,10.0,8.0,10.0,True,True
20260522,000510,新金路,18.28,6.0,10.0,8.0,9.97,True,True
20260522,603890,春秋电子,12.61,4.5,10.0,8.0,3.79,True,False
20260522,002975,博杰股份,18.22,5.0,10.0,8.0,10.0,True,True
20260522,603931,格林达,17.62,3.0,10.0,8.0,8.6,True,False
20260522,600503,华丽家族,17.4,4.0,10.0,8.0,10.0,True,True
20260522,603115,海星股份,14.6,4.5,10.0,8.0,-1.8,False,False
20260522,600683,京投发展,15.31,3.0,10.0,8.0,3.76,True,False
20260522,002453,华软科技,17.92,4.0,10.0,8.0,1.44,True,False
20260522,603678,火炬电子,13.67,4.5,10.0,8.0,4.83,True,False
20260522,000026,飞亚达,17.55,6.0,8.0,6.0,5.83,True,False
20260522,603001,奥康国际,14.46,4.0,8.0,6.0,10.01,True,True
20260522,002980,华盛昌,9.69,2.5,10.0,8.0,10.0,True,True
20260522,603186,华正新材,12.23,5.5,10.0,8.0,5.98,True,False
20260522,603936,博敏电子,9.58,2.5,10.0,8.0,10.0,True,True
20260522,002931,锋龙股份,9.35,4.5,10.0,8.0,-2.04,False,False
20260522,002725,跃岭股份,14.39,5.0,10.0,8.0,-3.26,False,False
20260522,002463,沪电股份,19.96,5.0,10.0,8.0,7.43,True,False
20260522,600234,科新发展,14.62,4.0,8.0,6.0,10.01,True,True
20260522,002806,华锋股份,9.59,3.0,10.0,8.0,-1.85,False,False
20260522,600714,金瑞矿业,12.72,5.0,10.0,8.0,7.3,True,False
20260522,002606,大连电瓷,15.63,6.0,10.0,8.0,2.01,True,False
20260522,603379,三美股份,12.8,2.0,10.0,8.0,0.13,True,False
20260522,002733,雄韬股份,11.74,5.0,10.0,8.0,5.66,True,False
20260522,600596,新安股份,10.83,5.0,8.0,6.0,-1.21,False,False
20260522,603269,海鸥股份,11.49,5.0,10.0,8.0,-2.12,False,False
20260522,001366,播恩集团,12.79,7.0,8.0,6.0,2.48,True,False
20260522,002121,科陆电子,10.56,5.0,10.0,8.0,2.76,True,False
20260522,002421,达实智能,13.3,5.0,8.0,6.0,10.09,True,True
20260522,002432,九安医疗,11.71,5.0,10.0,8.0,10.0,True,True
20260522,600719,大连热电,11.82,5.0,10.0,8.0,3.72,True,False
20260522,603976,正川股份,11.52,5.0,10.0,8.0,2.15,True,False
20260522,002585,双星新材,12.11,5.0,10.0,8.0,10.02,True,True
20260522,603867,新化股份,10.59,5.0,10.0,8.0,-0.19,False,False
20260522,600888,新疆众和,11.91,5.0,10.0,8.0,7.18,True,False
20260522,603960,克来机电,11.55,5.0,10.0,8.0,2.03,True,False
20260522,603439,三力制药,11.39,5.0,8.0,6.0,3.29,True,False
20260522,605180,华生科技,11.35,3.0,8.0,6.0,-2.66,False,False
20260522,000962,东方钽业,12.18,5.0,10.0,8.0,4.05,True,False
20260522,000657,中钨高新,13.92,4.5,10.0,8.0,2.93,True,False
20260522,002245,蔚蓝锂芯,10.68,4.5,10.0,8.0,-0.44,False,False
20260522,002046,国机精工,10.24,3.0,10.0,8.0,2.44,True,False
20260522,002859,洁美科技,6.71,3.0,10.0,8.0,7.06,True,False
20260522,000060,中金岭南,11.57,3.0,10.0,8.0,1.72,True,False
20260522,605366,宏柏新材,7.37,5.0,10.0,8.0,-1.92,False,False
20260522,002916,深南电路,3.21,1.5,10.0,8.0,5.74,True,False
20260522,603267,鸿远电子,2.43,4.5,10.0,8.0,4.47,True,False
20260522,601208,东材科技,2.14,4.5,10.0,8.0,2.46,True,False
20260522,600183,生益科技,4.15,1.5,10.0,8.0,7.88,True,False
20260522,000818,航锦科技,8.0,5.0,10.0,8.0,1.62,True,False
20260522,603800,洪田股份,2.65,5.0,10.0,8.0,3.16,True,False
20260522,600416,湘电股份,2.19,4.5,10.0,8.0,0.54,True,False
20260522,603223,恒通股份,2.03,2.5,8.0,6.0,5.79,True,False
20260522,600160,巨化股份,2.82,2.5,10.0,8.0,-1.62,False,False
20260522,002993,奥海科技,6.95,3.0,10.0,8.0,1.14,True,False
20260522,002273,水晶光电,3.43,4.5,10.0,8.0,-0.5,False,False
20260522,002272,川润股份,5.84,3.5,10.0,8.0,-2.43,False,False
20260522,002080,中材科技,4.84,1.5,10.0,8.0,5.05,True,False
20260522,600191,华资实业,7.17,2.0,8.0,6.0,-3.58,False,False
20260522,600601,方正科技,3.02,4.5,10.0,8.0,1.72,True,False
20260522,000012,南  玻Ａ,7.54,4.0,10.0,8.0,4.55,True,False
20260522,002823,凯中精密,7.7,5.0,10.0,8.0,5.14,True,False
20260522,600497,驰宏锌锗,3.3,4.5,10.0,8.0,-0.89,False,False
20260522,000997,新 大 陆,2.38,4.5,8.0,6.0,3.75,True,False
20260522,000630,铜陵有色,3.0,2.5,10.0,8.0,5.97,True,False
20260522,600563,法拉电子,5.47,6.5,10.0,8.0,-1.02,False,False
20260522,605500,森林包装,6.36,5.0,8.0,6.0,5.88,True,False
20260522,000670,盈方微,6.53,2.5,10.0,8.0,3.93,True,False
20260522,000725,京东方Ａ,4.29,5.0,10.0,8.0,2.13,True,False
20260522,000532,华金资本,7.84,5.0,8.0,6.0,-1.61,False,False
20260522,002036,联创电子,4.84,5.0,10.0,8.0,0.19,True,False
20260522,002826,易明医药,2.06,4.5,8.0,6.0,-2.6,False,False
20260522,603806,福斯特,6.75,2.5,8.0,6.0,5.65,True,False
20260522,603663,三祥新材,5.66,6.0,10.0,8.0,10.0,True,True
20260522,002897,意华股份,1.31,4.5,8.0,6.0,10.0,True,True
20260522,603459,红板科技,5.91,1.5,10.0,8.0,2.55,True,False
20260521,000725,京东方Ａ,25.0,3.0,10.0,8.0,10.02,True,True
20260521,603779,威龙股份,15.15,3.5,8.0,6.0,-9.99,False,False
20260521,000536,华映科技,13.06,4.5,10.0,8.0,2.1,True,False
20260521,002952,亚世光电,14.08,5.0,10.0,8.0,4.14,True,False
20260521,000518,四环生物,16.24,5.5,10.0,8.0,10.13,True,True
20260521,002703,浙江世宝,15.25,5.0,10.0,8.0,6.88,True,False
20260521,600303,曙光股份,13.05,4.5,8.0,6.0,10.06,True,True
20260521,600611,大众交通,16.44,5.0,8.0,6.0,10.05,True,True
20260521,002442,龙星科技,12.03,1.5,8.0,6.0,10.04,True,True
20260521,600360,华微电子,12.07,4.5,8.0,6.0,-1.24,False,False
20260521,002036,联创电子,16.5,6.0,10.0,8.0,10.04,True,True
20260521,002766,索菱股份,16.12,5.0,10.0,8.0,4.28,True,False
20260521,002940,昂利康,16.38,5.0,8.0,6.0,-9.99,False,False
20260521,600936,北投科技,12.06,5.5,8.0,6.0,-0.17,False,False
20260521,600382,广东明珠,17.22,5.0,8.0,6.0,7.9,True,False
20260521,001225,和泰机电,17.04,5.0,8.0,6.0,10.01,True,True
20260521,000012,南  玻Ａ,17.15,2.0,8.0,6.0,10.0,True,True
20260521,600156,华升股份,12.09,2.5,8.0,6.0,4.22,True,False
20260521,002920,德赛西威,12.04,4.5,10.0,8.0,4.13,True,False
20260521,003007,直真科技,17.37,5.0,8.0,6.0,-3.13,False,False
20260521,001896,豫能控股,9.18,3.5,10.0,8.0,-3.73,False,False
20260521,603127,昭衍新药,9.05,4.5,8.0,6.0,-3.32,False,False
20260521,603767,中马传动,11.21,5.0,10.0,8.0,2.38,True,False
20260521,002931,锋龙股份,10.3,5.0,8.0,6.0,9.99,True,True
20260521,603316,诚邦股份,8.03,3.5,8.0,6.0,-1.28,False,False
20260521,600578,京能电力,4.15,7.5,10.0,8.0,0.49,True,False
20260521,002888,惠威科技,7.77,6.0,8.0,6.0,-9.98,False,False
20260521,603590,康辰药业,7.11,5.0,10.0,8.0,-3.72,False,False
20260521,000403,派林生物,6.14,3.0,10.0,8.0,-0.35,False,False
20260521,603373,安邦护卫,5.22,6.0,8.0,6.0,3.08,True,False
20260521,603661,恒林股份,5.15,3.0,8.0,6.0,10.01,True,True
20260520,002421,达实智能,12.98,3.0,8.0,6.0,-7.26,False,False
20260520,002272,川润股份,15.98,5.5,10.0,8.0,-9.98,False,False
20260520,000809,和展能源,17.58,4.0,8.0,6.0,-8.47,False,False
20260520,603779,威龙股份,21.16,6.0,8.0,6.0,10.0,True,True
20260520,600604,市北高新,17.73,4.0,10.0,8.0,7.22,True,False
20260520,000880,潍柴重机,18.61,6.0,10.0,8.0,-3.42,False,False
20260520,002796,世嘉科技,16.35,5.0,8.0,6.0,-1.26,False,False
20260520,000926,福星股份,16.36,6.0,10.0,8.0,-8.77,False,False
20260520,603938,三孚股份,18.12,5.0,10.0,8.0,-5.92,False,False
20260520,603316,诚邦股份,16.31,4.5,8.0,6.0,10.01,True,True
20260520,000417,合百集团,19.13,6.5,8.0,6.0,-2.31,False,False
20260520,002158,汉钟精机,17.68,3.0,10.0,8.0,-3.74,False,False
20260520,002442,龙星科技,16.36,5.0,8.0,6.0,10.0,True,True
20260520,001269,欧晶科技,17.82,4.0,8.0,6.0,-1.18,False,False
20260520,600563,法拉电子,16.45,3.5,10.0,8.0,-2.46,False,False
20260520,000518,四环生物,15.21,5.0,8.0,6.0,9.97,True,True
20260520,002782,可立克,15.34,5.5,8.0,6.0,-7.08,False,False
20260520,600611,大众交通,17.35,5.0,8.0,6.0,10.08,True,True
20260520,000716,黑芝麻,17.54,4.0,8.0,6.0,0.91,True,False
20260520,603005,晶方科技,19.34,5.0,10.0,8.0,-1.96,False,False
20260520,603618,杭电股份,17.25,5.0,10.0,8.0,-5.43,False,False
20260520,603687,大胜达,18.44,6.0,10.0,8.0,-5.25,False,False
20260520,603353,和顺石油,13.3,3.0,8.0,6.0,-5.86,False,False
20260520,603790,雅运股份,14.01,2.5,10.0,8.0,-1.12,False,False
20260520,600895,张江高科,16.24,3.0,10.0,8.0,-2.2,False,False
20260520,003004,声迅股份,12.18,5.0,8.0,6.0,9.99,True,True
20260520,000859,国风新材,14.67,5.0,8.0,6.0,-1.8,False,False
20260520,603919,金徽酒,11.25,3.0,8.0,6.0,-1.38,False,False
20260520,600530,交大昂立,10.11,7.5,8.0,6.0,-9.64,False,False
20260520,603090,宏盛股份,10.46,5.0,10.0,8.0,6.05,True,False
20260520,002787,华源控股,11.45,5.0,10.0,8.0,-7.67,False,False
20260520,002072,凯瑞德,11.03,4.5,8.0,6.0,-10.05,False,False
20260520,000695,滨海能源,11.54,6.0,8.0,6.0,-5.06,False,False
20260520,000890,法尔胜,10.72,3.0,10.0,8.0,-9.34,False,False
20260520,002654,万润科技,7.24,3.5,8.0,6.0,-6.12,False,False
20260520,600962,国投中鲁,7.8,4.0,8.0,6.0,-6.55,False,False
20260520,002407,多氟多,9.43,3.5,10.0,8.0,0.29,True,False
20260520,603324,盛剑科技,6.33,5.0,10.0,8.0,7.38,True,False
20260520,002169,智光电气,4.55,4.5,10.0,8.0,-0.5,False,False
20260520,002126,银轮股份,4.5,2.5,10.0,8.0,2.6,True,False
20260520,603186,华正新材,3.53,4.5,10.0,8.0,-1.24,False,False
20260520,600615,鑫源智造,6.06,3.0,8.0,6.0,-0.41,False,False
20260520,603061,金海通,6.65,3.0,10.0,8.0,-9.35,False,False
20260520,001313,粤海饲料,7.62,4.0,8.0,6.0,-5.62,False,False
20260520,601133,柏诚股份,7.82,7.0,8.0,6.0,-0.51,False,False
20260520,002645,华宏科技,5.77,5.0,10.0,8.0,-5.58,False,False
20260520,001266,宏英智能,5.63,3.0,10.0,8.0,-0.49,False,False
20260520,605288,凯迪股份,2.13,3.5,10.0,8.0,8.64,True,False
20260520,003036,泰坦股份,6.01,6.0,8.0,6.0,3.11,True,False
20260520,603986,兆易创新,13.0,4.5,10.0,8.0,-2.95,False,False
20260520,603375,盛景微,5.18,5.0,10.0,8.0,-3.3,False,False
20260520,001259,利仁科技,5.14,6.0,8.0,6.0,9.28,True,False
20260520,603663,三祥新材,5.99,3.0,10.0,8.0,0.37,True,False
20260519,603779,威龙股份,25.0,6.0,8.0,6.0,10.0,True,True
20260519,002421,达实智能,22.79,6.0,10.0,8.0,10.05,True,True
20260519,000417,合百集团,21.06,5.5,8.0,6.0,10.05,True,True
20260519,002067,景兴纸业,17.56,6.0,8.0,6.0,-3.6,False,False
20260519,600506,统一股份,18.98,4.0,8.0,6.0,-4.55,False,False
20260519,603082,北自科技,19.9,7.5,10.0,8.0,-10.0,False,False
20260519,001259,利仁科技,18.33,6.5,8.0,6.0,10.0,True,True
20260519,605488,福莱新材,20.43,4.0,8.0,6.0,-4.31,False,False
20260519,600903,贵州燃气,14.93,5.0,8.0,6.0,1.44,True,False
20260519,002178,延华智能,18.36,4.0,8.0,6.0,-3.26,False,False
20260519,002173,创新医疗,20.21,6.0,10.0,8.0,-5.28,False,False
20260519,000586,汇源通信,16.96,6.0,10.0,8.0,-2.87,False,False
20260519,600626,申达股份,16.39,2.0,10.0,8.0,-0.71,False,False
20260519,603333,尚纬股份,17.29,5.0,10.0,8.0,0.69,True,False
20260519,600936,北投科技,18.04,3.0,10.0,8.0,-9.93,False,False
20260519,002552,宝鼎科技,19.76,6.5,10.0,8.0,-3.78,False,False
20260519,002150,正泰电源,18.35,5.0,10.0,8.0,5.11,True,False
20260519,600863,华能蒙电,19.81,3.0,10.0,8.0,-0.74,False,False
20260519,002272,川润股份,17.76,5.5,10.0,8.0,10.01,True,True
20260519,002208,合肥城建,14.05,7.0,10.0,8.0,3.03,True,False
20260519,603206,嘉环科技,18.9,5.0,10.0,8.0,-4.66,False,False
20260519,002375,亚厦股份,18.62,4.0,8.0,6.0,-4.31,False,False
20260519,603608,天创时尚,18.06,3.0,8.0,6.0,2.55,True,False
20260519,603938,三孚股份,16.0,5.5,10.0,8.0,10.01,True,True
20260519,603636,南威软件,18.3,5.0,10.0,8.0,-6.66,False,False
20260519,603466,风语筑,15.4,5.0,8.0,6.0,-3.49,False,False
20260519,000636,风华高科,19.17,5.0,10.0,8.0,5.04,True,False
20260519,605218,伟时电子,18.35,4.5,10.0,8.0,-1.69,False,False
20260519,600481,双良节能,17.85,6.0,8.0,6.0,1.53,True,False
20260519,603727,博迈科,18.0,3.0,8.0,6.0,-0.21,False,False
20260519,603311,金海高科,16.81,5.0,8.0,6.0,2.36,True,False
20260519,002135,东南网架,19.25,3.0,10.0,8.0,1.24,True,False
20260519,603316,诚邦股份,15.85,5.0,8.0,6.0,9.99,True,True
20260519,000910,大亚圣象,18.2,4.0,8.0,6.0,0.99,True,False
20260519,600850,电科数字,12.9,3.5,10.0,8.0,-0.04,False,False
20260519,601929,吉视传媒,18.06,5.0,10.0,8.0,-5.41,False,False
20260519,600831,广电网络,14.47,5.0,10.0,8.0,-4.56,False,False
20260519,603178,圣龙股份,16.28,6.0,10.0,8.0,-10.02,False,False
20260519,600021,上海电力,18.9,2.0,10.0,8.0,1.25,True,False
20260519,600452,涪陵电力,11.96,4.5,10.0,8.0,-6.31,False,False
20260519,600758,辽宁能源,14.39,6.0,8.0,6.0,-6.77,False,False
20260519,600310,广西能源,12.38,5.0,10.0,8.0,-9.79,False,False
20260519,603115,海星股份,12.09,3.5,10.0,8.0,6.5,True,False
20260519,600186,莲花控股,10.87,2.5,8.0,6.0,-4.58,False,False
20260519,603989,艾华集团,10.38,3.5,10.0,8.0,6.24,True,False
20260519,603823,百合花,6.14,4.5,10.0,8.0,2.61,True,False
20260519,603999,读者传媒,11.97,6.0,8.0,6.0,-3.36,False,False
20260519,002782,可立克,13.45,7.0,10.0,8.0,10.0,True,True
20260519,002893,京能热力,10.59,3.0,10.0,8.0,-3.94,False,False
20260519,603067,振华股份,13.06,5.0,10.0,8.0,-2.51,False,False
20260519,603380,易德龙,12.49,6.0,8.0,6.0,-0.05,False,False
20260519,000600,建投能源,12.48,5.0,10.0,8.0,-6.62,False,False
20260519,603163,圣晖集成,12.66,5.0,10.0,8.0,5.02,True,False
20260519,605376,博迁新材,6.8,4.5,8.0,6.0,5.9,True,False
20260519,601222,林洋能源,12.07,5.0,10.0,8.0,-3.07,False,False
20260519,002123,梦网科技,12.4,5.0,10.0,8.0,-1.66,False,False
20260519,605288,凯迪股份,10.16,3.0,10.0,8.0,10.0,True,True
20260519,600353,旭光电子,8.22,4.5,10.0,8.0,2.93,True,False
20260519,002246,北化股份,2.78,4.5,10.0,8.0,0.93,True,False
20260519,000026,飞亚达,9.82,6.0,8.0,6.0,-1.89,False,False
20260519,001896,豫能控股,10.18,5.0,10.0,8.0,-8.09,False,False
20260519,600563,法拉电子,7.56,4.5,10.0,8.0,10.0,True,True
20260519,000899,赣能股份,9.07,3.0,10.0,8.0,-6.15,False,False
20260519,002484,江海股份,6.94,4.5,10.0,8.0,-0.15,False,False
20260519,001326,联域股份,7.67,6.0,8.0,6.0,1.4,True,False
20260519,002226,江南化工,5.53,2.5,10.0,8.0,4.19,True,False
20260519,600246,万通发展,6.97,5.0,10.0,8.0,2.08,True,False
20260519,002845,同兴达,6.54,6.0,10.0,8.0,-0.43,False,False
20260519,605358,立昂微,9.31,5.0,8.0,6.0,1.11,True,False
20260519,600835,上海机电,3.97,3.0,8.0,6.0,1.35,True,False
20260519,002988,豪美新材,5.58,3.0,8.0,6.0,-4.17,False,False
20260519,002831,裕同科技,7.81,3.0,8.0,6.0,-0.29,False,False
20260519,603108,润达医疗,1.23,4.5,10.0,8.0,2.59,True,False
20260519,002281,光迅科技,11.75,4.5,10.0,8.0,2.39,True,False
20260519,000811,冰轮环境,3.28,4.5,10.0,8.0,-2.84,False,False
20260519,603083,XD剑桥科,4.62,4.5,10.0,8.0,-4.22,False,False
20260518,001259,利仁科技,16.52,6.5,8.0,6.0,10.01,True,True
20260518,000672,上峰水泥,16.82,5.0,8.0,6.0,-3.97,False,False
20260518,000417,合百集团,19.19,4.0,8.0,6.0,10.04,True,True
20260518,002208,合肥城建,25.0,5.5,10.0,8.0,9.98,True,True
20260518,603779,威龙股份,21.15,6.0,8.0,6.0,9.99,True,True
20260518,002374,中锐股份,16.69,6.0,10.0,8.0,-2.56,False,False
20260518,002030,达安基因,16.98,4.0,8.0,6.0,0.0,False,False
20260518,601133,柏诚股份,17.9,3.0,10.0,8.0,-2.35,False,False
20260518,603360,百傲化学,15.61,2.0,8.0,6.0,6.43,True,False
20260518,600850,电科数字,14.78,3.0,10.0,8.0,10.02,True,True
20260518,600578,京能电力,14.61,4.0,10.0,8.0,7.26,True,False
20260518,000685,中山公用,12.25,4.5,10.0,8.0,5.91,True,False
20260518,603726,朗迪集团,17.51,3.0,10.0,8.0,-5.04,False,False
20260518,603938,三孚股份,13.86,4.0,10.0,8.0,9.99,True,True
20260518,603082,北自科技,13.65,3.0,10.0,8.0,9.99,True,True
20260518,001258,立新能源,18.05,3.0,10.0,8.0,2.34,True,False
20260518,603657,春光科技,13.22,3.0,10.0,8.0,-1.03,False,False
20260518,600676,交运股份,17.55,3.0,8.0,6.0,-3.09,False,False
20260518,600909,华安证券,12.67,4.5,8.0,6.0,-0.32,False,False
20260518,605218,伟时电子,13.06,2.5,10.0,8.0,10.03,True,True
20260518,603311,金海高科,12.42,5.0,10.0,8.0,10.0,True,True
20260518,603060,国检集团,16.77,4.0,8.0,6.0,0.0,False,False
20260518,002272,川润股份,18.56,5.0,10.0,8.0,10.0,True,True
20260518,000021,深科技,22.03,5.0,10.0,8.0,1.73,True,False
20260518,002552,宝鼎科技,17.06,8.0,10.0,8.0,9.99,True,True
20260518,600996,贵广网络,18.03,3.0,8.0,6.0,5.05,True,False
20260518,605123,派克新材,17.98,3.0,8.0,6.0,-0.21,False,False
20260518,603156,养元饮品,12.18,2.5,8.0,6.0,-6.02,False,False
20260518,600758,辽宁能源,18.26,7.0,10.0,8.0,10.0,True,True
20260518,601678,滨化股份,17.47,5.0,10.0,8.0,-3.13,False,False
20260518,600769,祥龙电业,17.36,3.0,10.0,8.0,-9.08,False,False
20260518,000006,深振业Ａ,18.22,3.0,10.0,8.0,4.21,True,False
20260518,603191,望变电气,15.49,5.0,10.0,8.0,4.06,True,False
20260518,603115,海星股份,16.28,2.0,10.0,8.0,10.0,True,True
20260518,000988,华工科技,23.97,5.0,10.0,8.0,7.48,True,False
20260518,600714,金瑞矿业,12.1,4.5,10.0,8.0,-0.65,False,False
20260518,002980,华盛昌,16.7,6.0,10.0,8.0,-2.12,False,False
20260518,000962,东方钽业,12.58,4.5,8.0,6.0,-1.53,False,False
20260518,605303,园林股份,17.56,3.0,10.0,8.0,-4.45,False,False
20260518,003018,金富科技,14.42,5.5,10.0,8.0,2.23,True,False
20260518,600903,贵州燃气,12.44,7.0,8.0,6.0,9.99,True,True
20260518,603206,嘉环科技,17.18,3.0,8.0,6.0,9.99,True,True
20260518,603601,再升科技,16.22,2.5,10.0,8.0,-3.07,False,False
20260518,600992,贵绳股份,14.17,5.0,10.0,8.0,-1.69,False,False
20260518,603316,诚邦股份,16.43,5.0,10.0,8.0,10.01,True,True
20260518,000571,新大洲A,14.89,6.0,10.0,8.0,2.74,True,False
20260518,605318,法狮龙,14.54,2.0,8.0,6.0,6.62,True,False
20260518,603031,安孚科技,11.15,4.5,10.0,8.0,3.81,True,False
20260518,002515,金字火腿,9.26,4.5,8.0,6.0,2.94,True,False
20260518,002853,皮阿诺,13.24,5.0,8.0,6.0,0.44,True,False
20260518,002121,科陆电子,14.82,3.0,10.0,8.0,-0.4,False,False
20260518,002888,惠威科技,15.65,5.0,10.0,8.0,-2.07,False,False
20260518,002421,达实智能,15.35,5.5,10.0,8.0,9.92,True,True
20260518,603989,艾华集团,10.31,3.0,10.0,8.0,10.0,True,True
20260518,603303,得邦照明,11.52,3.0,8.0,6.0,7.35,True,False
20260518,600640,国脉文化,11.71,3.0,10.0,8.0,-0.72,False,False
20260518,002654,万润科技,11.89,6.0,10.0,8.0,-3.84,False,False
20260518,600446,金证股份,10.16,4.5,10.0,8.0,2.05,True,False
20260518,603859,能科科技,10.75,5.0,10.0,8.0,-0.04,False,False
20260518,603358,华达科技,7.09,4.5,10.0,8.0,-0.69,False,False
20260518,600339,中油工程,9.47,3.0,8.0,6.0,0.0,False,False
20260518,603693,江苏新能,9.36,2.0,10.0,8.0,5.78,True,False
20260518,600032,浙江新能,4.16,2.5,10.0,8.0,1.78,True,False
20260518,002354,天娱数科,8.62,5.0,10.0,8.0,0.71,True,False
20260518,002881,美格智能,7.5,5.0,8.0,6.0,2.26,True,False
20260518,600183,生益科技,3.06,3.5,10.0,8.0,1.85,True,False
20260518,603121,华培动力,7.51,4.0,10.0,8.0,1.36,True,False
20260518,002635,安洁科技,7.51,5.0,10.0,8.0,-4.23,False,False
20260518,600500,中化国际,5.13,5.5,8.0,6.0,-1.61,False,False
20260518,002927,泰永长征,2.62,5.0,10.0,8.0,5.29,True,False
20260518,600847,万里股份,5.2,5.0,10.0,8.0,3.31,True,False
20260518,601126,四方股份,8.82,4.0,10.0,8.0,-3.07,False,False
